{
  "accuracy": 0.9505747126436782,
  "f1": 0.9282886854842574,
  "auc": 0.9857777777777779,
  "epochs": 50
}