{
  "accuracy": 0.9551724137931035,
  "f1": 0.9359050646899811,
  "auc": 0.9848673992673994,
  "epochs": 50,
  "lr": 5e-05
}