{
  "accuracy": 0.9591954022988506,
  "f1": 0.9408514348338799,
  "auc": 0.9843819291819291,
  "epochs": 50
}