{
  "model": "MobileNetV2",
  "alpha": 1.0,
  "input_size": [
    224,
    224,
    3
  ],
  "classes": [
    "anomaly",
    "no_anomaly"
  ],
  "class_weight": {
    "0": 0.8685852981969486,
    "1": 1.17826904985889
  },
  "test_metrics": {
    "accuracy": 0.967761934283943,
    "macro_f1": 0.9670382701261628,
    "precision": 0.9665261356320756,
    "recall": 0.9675789536633115,
    "roc_auc": 0.9933242686911035
  },
  "tflite_path": "thermal_binary_mobilenetv2_f16.tflite",
  "preprocessing": "mobilenet_v2.preprocess_input  # [0,255]\u2192[-1,1]"
}